{
  "index": [
    "mean",
    "std"
  ],
  "columns": [
    "x",
    "y",
    "z",
    "vr",
    "rcs",
    "dr",
    "elevation_angle_fluctuation"
  ],
  "values": {
    "mean": {
      "x": 0.03498696425588009,
      "y": -0.0005774920170894279,
      "z": 0.9739219959160563,
      "vr": -0.5424937589931903,
      "rcs": -0.07869656456847433,
      "dr": 31.663023410918882,
      "elevation_angle_fluctuation": 0.013002883091958965
    },
    "std": {
      "x": 3.488354852507024,
      "y": 1.0222367361308138,
      "z": 1.9658078674260477,
      "vr": 11.767699298281787,
      "rcs": 11.729752143728794,
      "dr": 28.085289107517447,
      "elevation_angle_fluctuation": 0.013576580602775876
    }
  }
}